{
    "name": "root",
    "gauges": {
        "Turtle.Policy.Entropy.mean": {
            "value": 1.4131861925125122,
            "min": 0.9650018811225891,
            "max": 1.4401010274887085,
            "count": 1291
        },
        "Turtle.Policy.Entropy.sum": {
            "value": 70376.671875,
            "min": 32389.546875,
            "max": 72299.203125,
            "count": 1291
        },
        "Turtle.Environment.EpisodeLength.mean": {
            "value": 89.5963963963964,
            "min": 52.1530612244898,
            "max": 95.61821705426357,
            "count": 1291
        },
        "Turtle.Environment.EpisodeLength.sum": {
            "value": 49726.0,
            "min": 20444.0,
            "max": 51894.0,
            "count": 1291
        },
        "Turtle.Step.mean": {
            "value": 67149937.0,
            "min": 2649952.0,
            "max": 67149937.0,
            "count": 1291
        },
        "Turtle.Step.sum": {
            "value": 67149937.0,
            "min": 2649952.0,
            "max": 67149937.0,
            "count": 1291
        },
        "Turtle.Policy.ExtrinsicValueEstimate.mean": {
            "value": 6.917675495147705,
            "min": 1.8796422481536865,
            "max": 7.085630416870117,
            "count": 1291
        },
        "Turtle.Policy.ExtrinsicValueEstimate.sum": {
            "value": 7318.90087890625,
            "min": 1143.4869384765625,
            "max": 7606.37158203125,
            "count": 1291
        },
        "Turtle.Environment.CumulativeReward.mean": {
            "value": 9.41264934338428,
            "min": -0.05607982195170639,
            "max": 9.675974555988459,
            "count": 1291
        },
        "Turtle.Environment.CumulativeReward.sum": {
            "value": 5224.020385578275,
            "min": -21.9272103831172,
            "max": 5506.925967782736,
            "count": 1291
        },
        "Turtle.Policy.ExtrinsicReward.mean": {
            "value": 9.41264934338428,
            "min": -0.05607982195170639,
            "max": 9.675974555988459,
            "count": 1291
        },
        "Turtle.Policy.ExtrinsicReward.sum": {
            "value": 5224.020385578275,
            "min": -21.9272103831172,
            "max": 5506.925967782736,
            "count": 1291
        },
        "Turtle.Losses.PolicyLoss.mean": {
            "value": 0.022909049405813377,
            "min": 0.01851294890414768,
            "max": 0.028308453179585434,
            "count": 1291
        },
        "Turtle.Losses.PolicyLoss.sum": {
            "value": 0.11454524702906688,
            "min": 0.03702589780829536,
            "max": 0.14154226589792718,
            "count": 1291
        },
        "Turtle.Losses.ValueLoss.mean": {
            "value": 0.3416667813559373,
            "min": 0.19050805350144706,
            "max": 4.368364763259888,
            "count": 1291
        },
        "Turtle.Losses.ValueLoss.sum": {
            "value": 1.7083339067796866,
            "min": 0.9525402675072353,
            "max": 21.087409567832946,
            "count": 1291
        },
        "Turtle.Policy.LearningRate.mean": {
            "value": 0.00019931628176125056,
            "min": 0.00019931628176125056,
            "max": 0.000296034949321684,
            "count": 1291
        },
        "Turtle.Policy.LearningRate.sum": {
            "value": 0.0009965814088062528,
            "min": 0.000592069898643368,
            "max": 0.00147990489669837,
            "count": 1291
        },
        "Turtle.Policy.Epsilon.mean": {
            "value": 0.16643874939999997,
            "min": 0.16643874939999997,
            "max": 0.19867831600000002,
            "count": 1291
        },
        "Turtle.Policy.Epsilon.sum": {
            "value": 0.8321937469999999,
            "min": 0.39735663200000004,
            "max": 0.9933016300000002,
            "count": 1291
        },
        "Turtle.Policy.Beta.mean": {
            "value": 0.0033252935950600013,
            "min": 0.0033252935950600013,
            "max": 0.004934047968400002,
            "count": 1291
        },
        "Turtle.Policy.Beta.sum": {
            "value": 0.016626467975300006,
            "min": 0.009868095936800004,
            "max": 0.024665751337000004,
            "count": 1291
        },
        "Turtle.IsTraining.mean": {
            "value": 1.0,
            "min": 1.0,
            "max": 1.0,
            "count": 1291
        },
        "Turtle.IsTraining.sum": {
            "value": 1.0,
            "min": 1.0,
            "max": 1.0,
            "count": 1291
        }
    },
    "metadata": {
        "timer_format_version": "0.1.0",
        "start_time_seconds": "1743743278",
        "python_version": "3.10.12 | packaged by Anaconda, Inc. | (main, Jul  5 2023, 19:01:18) [MSC v.1916 64 bit (AMD64)]",
        "command_line_arguments": "C:\\Users\\moose\\miniconda3\\envs\\mlagents\\Scripts\\mlagents-learn config/turtle.yaml --run-id=Iteration4RayTest --resume",
        "mlagents_version": "1.1.0",
        "mlagents_envs_version": "1.1.0",
        "communication_protocol_version": "1.5.0",
        "pytorch_version": "2.2.2+cu121",
        "numpy_version": "1.23.5",
        "end_time_seconds": "1743769871"
    },
    "total": 26593.6106441,
    "count": 1,
    "self": 0.0032841000938788056,
    "children": {
        "run_training.setup": {
            "total": 0.0576268999138847,
            "count": 1,
            "self": 0.0576268999138847
        },
        "TrainerController.start_learning": {
            "total": 26593.549733099993,
            "count": 1,
            "self": 15.427785374224186,
            "children": {
                "TrainerController._reset_env": {
                    "total": 8.325911800027825,
                    "count": 1,
                    "self": 8.325911800027825
                },
                "TrainerController.advance": {
                    "total": 26569.75402982568,
                    "count": 1621099,
                    "self": 14.039736855425872,
                    "children": {
                        "env_step": {
                            "total": 15651.626011181506,
                            "count": 1621099,
                            "self": 12864.30728981446,
                            "children": {
                                "SubprocessEnvManager._take_step": {
                                    "total": 2777.8223587479442,
                                    "count": 1621100,
                                    "self": 48.57961122493725,
                                    "children": {
                                        "TorchPolicy.evaluate": {
                                            "total": 2729.242747523007,
                                            "count": 1075998,
                                            "self": 2729.242747523007
                                        }
                                    }
                                },
                                "workers": {
                                    "total": 9.496362619102001,
                                    "count": 1621098,
                                    "self": 0.0,
                                    "children": {
                                        "worker_root": {
                                            "total": 26507.819197702454,
                                            "count": 1621098,
                                            "is_parallel": true,
                                            "self": 15322.82514850609,
                                            "children": {
                                                "steps_from_proto": {
                                                    "total": 0.0014813999878242612,
                                                    "count": 2,
                                                    "is_parallel": true,