{
    "name": "root",
    "gauges": {
        "Turtle.Policy.Entropy.mean": {
            "value": 1.3372219800949097,
            "min": 1.3357089757919312,
            "max": 1.3792997598648071,
            "count": 10
        },
        "Turtle.Policy.Entropy.sum": {
            "value": 66887.84375,
            "min": 66732.96875,
            "max": 69820.15625,
            "count": 10
        },
        "Turtle.Environment.EpisodeLength.mean": {
            "value": 591.329268292683,
            "min": 591.329268292683,
            "max": 836.35,
            "count": 10
        },
        "Turtle.Environment.EpisodeLength.sum": {
            "value": 48489.0,
            "min": 40560.0,
            "max": 53368.0,
            "count": 10
        },
        "Turtle.Step.mean": {
            "value": 499976.0,
            "min": 49969.0,
            "max": 499976.0,
            "count": 10
        },
        "Turtle.Step.sum": {
            "value": 499976.0,
            "min": 49969.0,
            "max": 499976.0,
            "count": 10
        },
        "Turtle.Policy.ExtrinsicValueEstimate.mean": {
            "value": -0.1305987387895584,
            "min": -0.14005981385707855,
            "max": 0.039534348994493484,
            "count": 10
        },
        "Turtle.Policy.ExtrinsicValueEstimate.sum": {
            "value": -106.82977294921875,
            "min": -114.708984375,
            "max": 31.86468505859375,
            "count": 10
        },
        "Turtle.Environment.CumulativeReward.mean": {
            "value": -0.6448341824296044,
            "min": -2.371366422747572,
            "max": -0.6448341824296044,
            "count": 10
        },
        "Turtle.Environment.CumulativeReward.sum": {
            "value": -52.87640295922756,
            "min": -142.28198536485434,
            "max": -52.87640295922756,
            "count": 10
        },
        "Turtle.Policy.ExtrinsicReward.mean": {
            "value": -0.6448341824296044,
            "min": -2.371366422747572,
            "max": -0.6448341824296044,
            "count": 10
        },
        "Turtle.Policy.ExtrinsicReward.sum": {
            "value": -52.87640295922756,
            "min": -142.28198536485434,
            "max": -52.87640295922756,
            "count": 10
        },
        "Turtle.Losses.PolicyLoss.mean": {
            "value": 0.026959135271608824,
            "min": 0.021792778009548784,
            "max": 0.026959135271608824,
            "count": 10
        },
        "Turtle.Losses.PolicyLoss.sum": {
            "value": 0.13479567635804413,
            "min": 0.09181225309148432,
            "max": 0.13479567635804413,
            "count": 10
        },
        "Turtle.Losses.ValueLoss.mean": {
            "value": 0.007914824774488807,
            "min": 0.002474639238207601,
            "max": 0.00940438825249051,
            "count": 10
        },
        "Turtle.Losses.ValueLoss.sum": {
            "value": 0.039574123872444036,
            "min": 0.012373196191038004,
            "max": 0.039574123872444036,
            "count": 10
        },
        "Turtle.Policy.LearningRate.mean": {
            "value": 1.620465459848e-05,
            "min": 1.620465459848e-05,
            "max": 0.00028444710518429997,
            "count": 10
        },
        "Turtle.Policy.LearningRate.sum": {
            "value": 8.102327299240001e-05,
            "min": 8.102327299240001e-05,
            "max": 0.0012831258722914,
            "count": 10
        },
        "Turtle.Policy.Epsilon.mean": {
            "value": 0.10540152,
            "min": 0.10540152,
            "max": 0.1948157,
            "count": 10
        },
        "Turtle.Policy.Epsilon.sum": {
            "value": 0.5270076,
            "min": 0.49961440000000007,
            "max": 0.9277086,
            "count": 10
        },
        "Turtle.Policy.Beta.mean": {
            "value": 0.00027953584800000005,
            "min": 0.00027953584800000005,
            "max": 0.00474130343,
            "count": 10
        },
        "Turtle.Policy.Beta.sum": {
            "value": 0.0013976792400000003,
            "min": 0.0013976792400000003,
            "max": 0.021392659140000003,
            "count": 10
        },
        "Turtle.IsTraining.mean": {
            "value": 1.0,
            "min": 1.0,
            "max": 1.0,
            "count": 10
        },
        "Turtle.IsTraining.sum": {
            "value": 1.0,
            "min": 1.0,
            "max": 1.0,
            "count": 10
        }
    },
    "metadata": {
        "timer_format_version": "0.1.0",
        "start_time_seconds": "1742953812",
        "python_version": "3.10.12 | packaged by Anaconda, Inc. | (main, Jul  5 2023, 19:01:18) [MSC v.1916 64 bit (AMD64)]",
        "command_line_arguments": "C:\\Users\\moose\\miniconda3\\envs\\mlagents\\Scripts\\mlagents-learn --run-id=turtle3",
        "mlagents_version": "1.1.0",
        "mlagents_envs_version": "1.1.0",
        "communication_protocol_version": "1.5.0",
        "pytorch_version": "2.2.2+cu121",
        "numpy_version": "1.23.5",
        "end_time_seconds": "1742954073"
    },
    "total": 261.1087048000045,
    "count": 1,
    "self": 0.005439900007331744,
    "children": {
        "run_training.setup": {
            "total": 0.018058200002997182,
            "count": 1,
            "self": 0.018058200002997182
        },
        "TrainerController.start_learning": {
            "total": 261.08520669999416,
            "count": 1,
            "self": 0.23560510043171234,
            "children": {
                "TrainerController._reset_env": {
                    "total": 9.426392100009252,
                    "count": 1,
                    "self": 9.426392100009252
                },
                "TrainerController.advance": {
                    "total": 251.39763979954296,
                    "count": 25567,
                    "self": 0.2320414997084299,
                    "children": {
                        "env_step": {
                            "total": 182.0136876990873,
                            "count": 25567,
                            "self": 119.50542569969548,
                            "children": {
                                "SubprocessEnvManager._take_step": {
                                    "total": 62.35402349938522,
                                    "count": 25567,
                                    "self": 0.8662714004749432,
                                    "children": {
                                        "TorchPolicy.evaluate": {
                                            "total": 61.48775209891028,
                                            "count": 25028,
                                            "self": 61.48775209891028
                                        }
                                    }
                                },
                                "workers": {
                                    "total": 0.15423850000661332,
                                    "count": 25567,
                                    "self": 0.0,
                                    "children": {
                                        "worker_root": {
                                            "total": 252.08685070135107,
                                            "count": 25567,
                                            "is_parallel": true,
                                            "self": 151.0150509011437,
                                            "children": {
                                                "steps_from_proto": {
                                                    "total": 0.0004533000028459355,
                                                    "count": 1,
                                                    "is_parallel": true,
                                                    "self": 0.00019379999139346182,