{"count":1,"self":4483.9837695999995,"total":26471.642115799998,"children":{"InitializeActuators":{"count":60,"self":0.0015082,"total":0.0015082,"children":null},"InitializeSensors":{"count":60,"self":0.0005064,"total":0.0005064,"children":null},"AgentSendState":{"count":5367836,"self":1533.7950208,"total":2509.7735684,"children":{"CollectObservations":{"count":64414080,"self":105.18805119999999,"total":105.1880496,"children":null},"WriteActionMask":{"count":64414080,"self":52.678460799999996,"total":52.6784609,"children":null},"RequestDecision":{"count":64414080,"self":202.0952704,"total":818.11199949999991,"children":{"AgentInfo.ToProto":{"count":64414080,"self":141.28896,"total":616.0167283,"children":{"GenerateSensorData":{"count":64414080,"self":360.384768,"total":474.7277717,"children":{"RayPerceptionSensor.Perceive":{"count":64414080,"self":114.3430016,"total":114.3430006,"children":null}}}}}}}}},"DecideAction":{"count":5367836,"self":18881.1984896,"total":18881.198851099998,"children":null},"AgentAct":{"count":5367836,"self":578.5472,"total":578.5517476,"children":{"AgentInfo.ToProto":{"count":96,"self":0.00050559999999999993,"total":0.0045543,"children":{"GenerateSensorData":{"count":96,"self":0.0040487,"total":0.0040487,"children":{"RayPerceptionSensor.Perceive":{"count":96,"self":0,"total":0,"children":null}}}}}}},"AgentInfo.ToProto":{"count":788951,"self":5.7715055999999993,"total":18.1323684,"children":{"GenerateSensorData":{"count":788951,"self":9.973512,"total":12.360862899999999,"children":{"RayPerceptionSensor.Perceive":{"count":788951,"self":2.3873512,"total":2.3873512999999997,"children":null}}}}}},"gauges":{"Turtle.CumulativeReward":{"count":789047,"max":10.4328,"min":-27.2990913,"runningAverage":6.434748,"value":9.936796,"weightedAverage":9.774381}},"metadata":{"timer_format_version":"0.1.0","start_time_seconds":"1743743394","unity_version":"6000.0.43f1","command_line_arguments":"C:\\Program Files\\Unity\\Hub\\Editor\\6000.0.43f1\\Editor\\Unity.exe -projectpath C:\\Users\\moose\\Code\\UnityProjects\\Turtle Agent -useHub -hubIPC -cloudEnvironment production","communication_protocol_version":"1.5.0","com.unity.ml-agents_version":"3.0.0","scene_name":"Iteration 4","end_time_seconds":"1743769866"}}