{"count":1,"self":27.823504,"total":139.5120398,"children":{"InitializeActuators":{"count":30,"self":0.0010084999999999998,"total":0.0010084999999999998,"children":null},"InitializeSensors":{"count":30,"self":0.0015057,"total":0.0015057,"children":null},"AgentSendState":{"count":54301,"self":1.1223562,"total":4.2054599,"children":{"CollectObservations":{"count":325830,"self":0.4976941,"total":0.4976941,"children":null},"WriteActionMask":{"count":325830,"self":0.24551889999999998,"total":0.24551889999999998,"children":null},"RequestDecision":{"count":325830,"self":0.93891669999999994,"total":2.3398906999999998,"children":{"AgentInfo.ToProto":{"count":325830,"self":0.67240329999999993,"total":1.400974,"children":{"GenerateSensorData":{"count":325830,"self":0.7285707,"total":0.7285707,"children":null}}}}}}},"DecideAction":{"count":54301,"self":105.6553216,"total":105.6553229,"children":null},"AgentAct":{"count":54301,"self":1.7388021999999999,"total":1.7388021999999999,"children":null},"AgentInfo.ToProto":{"count":5083,"self":0.0446207,"total":0.0859308,"children":{"GenerateSensorData":{"count":5083,"self":0.041310099999999995,"total":0.041310099999999995,"children":null}}}},"gauges":{"Turtle.CumulativeReward":{"count":5083,"max":0.972,"min":-1.40640461,"runningAverage":0.8092813,"value":0.9124001,"weightedAverage":0.8720148}},"metadata":{"timer_format_version":"0.1.0","start_time_seconds":"1743474360","unity_version":"6000.0.43f1","command_line_arguments":"C:\\Program Files\\Unity\\Hub\\Editor\\6000.0.43f1\\Editor\\Unity.exe -projectpath C:\\Users\\moose\\Code\\UnityProjects\\Turtle Agent -useHub -hubIPC -cloudEnvironment production","communication_protocol_version":"1.5.0","com.unity.ml-agents_version":"3.0.0","scene_name":"Iteration 3","end_time_seconds":"1743474500"}}