{"count":1,"self":18.711028799999998,"total":95.3089574,"children":{"InitializeActuators":{"count":30,"self":0.0005067,"total":0.0005067,"children":null},"InitializeSensors":{"count":30,"self":0.0005152,"total":0.0005152,"children":null},"AgentSendState":{"count":42234,"self":0.98759239999999993,"total":3.5608128999999997,"children":{"CollectObservations":{"count":253410,"self":0.4053637,"total":0.4053637,"children":null},"WriteActionMask":{"count":253410,"self":0.2023176,"total":0.2023176,"children":null},"RequestDecision":{"count":253410,"self":0.7752986,"total":1.9655391999999998,"children":{"AgentInfo.ToProto":{"count":253410,"self":0.55822739999999993,"total":1.1902405999999999,"children":{"GenerateSensorData":{"count":253410,"self":0.63201319999999994,"total":0.63201319999999994,"children":null}}}}}}},"DecideAction":{"count":42234,"self":71.8638016,"total":71.8638034,"children":null},"AgentAct":{"count":42234,"self":1.1636305,"total":1.1661815,"children":{"AgentInfo.ToProto":{"count":169,"self":0.0015337999999999999,"total":0.002551,"children":{"GenerateSensorData":{"count":169,"self":0.0010172,"total":0.0010172,"children":null}}}}},"AgentInfo.ToProto":{"count":327,"self":0.0030537999999999997,"total":0.0056022,"children":{"GenerateSensorData":{"count":327,"self":0.0025483999999999997,"total":0.0025483999999999997,"children":null}}}},"gauges":{"Turtle.CumulativeReward":{"count":496,"max":0.7155975,"min":-2.761514,"runningAverage":-1.61444068,"value":-1.99988246,"weightedAverage":-1.992085}},"metadata":{"timer_format_version":"0.1.0","start_time_seconds":"1743549577","unity_version":"6000.0.43f1","command_line_arguments":"C:\\Program Files\\Unity\\Hub\\Editor\\6000.0.43f1\\Editor\\Unity.exe -projectpath C:\\Users\\moose\\Code\\UnityProjects\\Turtle Agent -useHub -hubIPC -cloudEnvironment production","communication_protocol_version":"1.5.0","com.unity.ml-agents_version":"3.0.0","scene_name":"Iteration 3","end_time_seconds":"1743549672"}}