{"count":1,"self":6175.5404288,"total":33746.3652425,"children":{"InitializeActuators":{"count":30,"self":0.0010067,"total":0.0010067,"children":null},"InitializeSensors":{"count":30,"self":0,"total":0,"children":null},"AgentSendState":{"count":13075638,"self":282.8342016,"total":1055.2949919,"children":{"CollectObservations":{"count":78453840,"self":121.4324224,"total":121.4324163,"children":null},"WriteActionMask":{"count":78453840,"self":63.7144256,"total":63.714425299999995,"children":null},"RequestDecision":{"count":78453840,"self":228.06336,"total":587.3139426,"children":{"AgentInfo.ToProto":{"count":78453840,"self":169.18119679999998,"total":359.2505802,"children":{"GenerateSensorData":{"count":78453840,"self":190.06938879999998,"total":190.06938939999998,"children":null}}}}}}},"DecideAction":{"count":13075638,"self":26070.822092799997,"total":26070.8225072,"children":null},"AgentAct":{"count":13075638,"self":423.1728128,"total":423.17331409999997,"children":{"AgentInfo.ToProto":{"count":42,"self":0,"total":0.00050999999999999993,"children":{"GenerateSensorData":{"count":42,"self":0.00050999999999999993,"total":0.00050999999999999993,"children":null}}}}},"AgentInfo.ToProto":{"count":1305671,"self":9.774659999999999,"total":21.532445,"children":{"GenerateSensorData":{"count":1305671,"self":11.7577848,"total":11.757785,"children":null}}}},"gauges":{"Turtle.CumulativeReward":{"count":1305713,"max":0.9796,"min":-2.78551078,"runningAverage":0.856424,"value":0.8599999,"weightedAverage":0.8733616}},"metadata":{"timer_format_version":"0.1.0","start_time_seconds":"1743475339","unity_version":"6000.0.43f1","command_line_arguments":"C:\\Program Files\\Unity\\Hub\\Editor\\6000.0.43f1\\Editor\\Unity.exe -projectpath C:\\Users\\moose\\Code\\UnityProjects\\Turtle Agent -useHub -hubIPC -cloudEnvironment production","communication_protocol_version":"1.5.0","com.unity.ml-agents_version":"3.0.0","scene_name":"Iteration 3","end_time_seconds":"1743509086"}}