{"count":1,"self":614.14174719999994,"total":2637.5221687,"children":{"InitializeActuators":{"count":20,"self":0.0010107,"total":0.0010107,"children":null},"InitializeSensors":{"count":20,"self":0.001022,"total":0.001022,"children":null},"AgentSendState":{"count":1342301,"self":22.854380799999998,"total":78.4221152,"children":{"CollectObservations":{"count":5369220,"self":8.6430872,"total":8.6430875,"children":null},"WriteActionMask":{"count":5369220,"self":4.5606308,"total":4.5606307,"children":null},"RequestDecision":{"count":5369220,"self":16.2764416,"total":42.364016799999995,"children":{"AgentInfo.ToProto":{"count":5369220,"self":12.1152544,"total":26.0875746,"children":{"GenerateSensorData":{"count":5369220,"self":13.97232,"total":13.9723204,"children":null}}}}}}},"DecideAction":{"count":1342301,"self":1914.5695231999998,"total":1914.569424,"children":null},"AgentAct":{"count":1342301,"self":29.664831999999997,"total":29.6884886,"children":{"AgentInfo.ToProto":{"count":1742,"self":0.011321099999999999,"total":0.0236573,"children":{"GenerateSensorData":{"count":1742,"self":0.0123362,"total":0.0123362,"children":null}}}}},"AgentInfo.ToProto":{"count":36766,"self":0.33876459999999997,"total":0.6978474,"children":{"GenerateSensorData":{"count":36766,"self":0.3590828,"total":0.3590828,"children":null}}}},"gauges":{"Turtle.CumulativeReward":{"count":38508,"max":0.977200031,"min":-4.228189,"runningAverage":0.6290417,"value":0.850399733,"weightedAverage":0.8373239}},"metadata":{"timer_format_version":"0.1.0","start_time_seconds":"1743040020","unity_version":"6000.0.43f1","command_line_arguments":"C:\\Program Files\\Unity\\Hub\\Editor\\6000.0.43f1\\Editor\\Unity.exe -projectpath C:\\Users\\moose\\Code\\UnityProjects\\Turtle Agent -useHub -hubIPC -cloudEnvironment production","communication_protocol_version":"1.5.0","com.unity.ml-agents_version":"3.0.0","scene_name":"SampleScene","end_time_seconds":"1743042657"}}