{
    "name": "root",
    "gauges": {
        "Turtle.Policy.Entropy.mean": {
            "value": 0.16040389239788055,
            "min": 0.1549343764781952,
            "max": 0.2461564540863037,
            "count": 1570
        },
        "Turtle.Policy.Entropy.sum": {
            "value": 7988.11376953125,
            "min": 901.3449096679688,
            "max": 12288.1298828125,
            "count": 1570
        },
        "Turtle.Environment.EpisodeLength.mean": {
            "value": 57.00231749710313,
            "min": 56.031927023945265,
            "max": 68.9649368863955,
            "count": 1570
        },
        "Turtle.Environment.EpisodeLength.sum": {
            "value": 49193.0,
            "min": 2848.0,
            "max": 50471.0,
            "count": 1570
        },
        "Turtle.Step.mean": {
            "value": 99999974.0,
            "min": 21549998.0,
            "max": 99999974.0,
            "count": 1570
        },
        "Turtle.Step.sum": {
            "value": 99999974.0,
            "min": 21549998.0,
            "max": 99999974.0,
            "count": 1570
        },
        "Turtle.Policy.ExtrinsicValueEstimate.mean": {
            "value": 0.7531322240829468,
            "min": 0.6862999200820923,
            "max": 0.76075279712677,
            "count": 1570
        },
        "Turtle.Policy.ExtrinsicValueEstimate.sum": {
            "value": 872.1271362304688,
            "min": 47.07853698730469,
            "max": 905.7723999023438,
            "count": 1570
        },
        "Turtle.Environment.CumulativeReward.mean": {
            "value": 0.8755517925890131,
            "min": 0.7970520230095371,
            "max": 0.8836317187924495,
            "count": 1570
        },
        "Turtle.Environment.CumulativeReward.sum": {
            "value": 755.6011970043182,
            "min": 37.247199565172195,
            "max": 768.759595349431,
            "count": 1570
        },
        "Turtle.Policy.ExtrinsicReward.mean": {
            "value": 0.8755517925890131,
            "min": 0.7970520230095371,
            "max": 0.8836317187924495,
            "count": 1570
        },
        "Turtle.Policy.ExtrinsicReward.sum": {
            "value": 755.6011970043182,
            "min": 37.247199565172195,
            "max": 768.759595349431,
            "count": 1570
        },
        "Turtle.IsTraining.mean": {
            "value": 1.0,
            "min": 1.0,
            "max": 1.0,
            "count": 1570
        },
        "Turtle.IsTraining.sum": {
            "value": 1.0,
            "min": 1.0,
            "max": 1.0,
            "count": 1570
        },
        "Turtle.Losses.PolicyLoss.mean": {
            "value": 0.022738383111233513,
            "min": 0.01897310228552669,
            "max": 0.02907784076407552,
            "count": 1569
        },
        "Turtle.Losses.PolicyLoss.sum": {
            "value": 0.11369191555616756,
            "min": 0.07921329579936962,
            "max": 0.1453892038203776,
            "count": 1569
        },
        "Turtle.Losses.ValueLoss.mean": {
            "value": 0.0014547939581098033,
            "min": 0.00041529937637581804,
            "max": 0.010633012560817102,
            "count": 1569
        },
        "Turtle.Losses.ValueLoss.sum": {
            "value": 0.007273969790549017,
            "min": 0.0018518272729124874,
            "max": 0.05316506280408551,
            "count": 1569
        },
        "Turtle.Policy.LearningRate.mean": {
            "value": 6.258397917199821e-08,
            "min": 6.258397917199821e-08,
            "max": 0.00023526686637771843,
            "count": 1569
        },
        "Turtle.Policy.LearningRate.sum": {
            "value": 3.1291989585999103e-07,
            "min": 3.1291989585999103e-07,
            "max": 0.0011763343318885921,
            "count": 1569
        },
        "Turtle.Policy.Epsilon.mean": {
            "value": 0.100020828,
            "min": 0.100020828,
            "max": 0.17842228160000007,
            "count": 1569
        },
        "Turtle.Policy.Epsilon.sum": {
            "value": 0.50010414,
            "min": 0.40150103800000003,
            "max": 0.8921114080000003,
            "count": 1569
        },
        "Turtle.Policy.Beta.mean": {
            "value": 1.1039317199999969e-05,
            "min": 1.1039317199999969e-05,
            "max": 0.00392327185184,
            "count": 1569
        },
        "Turtle.Policy.Beta.sum": {
            "value": 5.5196585999999845e-05,
            "min": 5.5196585999999845e-05,
            "max": 0.0196163592592,
            "count": 1569
        }
    },
    "metadata": {
        "timer_format_version": "0.1.0",
        "start_time_seconds": "1743475332",
        "python_version": "3.10.12 | packaged by Anaconda, Inc. | (main, Jul  5 2023, 19:01:18) [MSC v.1916 64 bit (AMD64)]",
        "command_line_arguments": "C:\\Users\\moose\\miniconda3\\envs\\mlagents\\Scripts\\mlagents-learn config/turtle.yaml --run-id=Iteration3Test --resume",
        "mlagents_version": "1.1.0",
        "mlagents_envs_version": "1.1.0",
        "communication_protocol_version": "1.5.0",
        "pytorch_version": "2.2.2+cu121",
        "numpy_version": "1.23.5",
        "end_time_seconds": "1743509086"
    },
    "total": 33754.87899260002,
    "count": 1,
    "self": 0.003914600005373359,
    "children": {
        "run_training.setup": {
            "total": 0.05889350001234561,
            "count": 1,
            "self": 0.05889350001234561
        },
        "TrainerController.start_learning": {
            "total": 33754.8161845,
            "count": 1,
            "self": 32.1587534021819,
            "children": {
                "TrainerController._reset_env": {
                    "total": 8.807045700028539,
                    "count": 1,
                    "self": 8.807045700028539
                },
                "TrainerController.advance": {
                    "total": 33713.82235169783,
                    "count": 3612892,
                    "self": 29.521470335079357,
                    "children": {
                        "env_step": {
                            "total": 21533.592451519915,
                            "count": 3612892,
                            "self": 14661.245071857935,
                            "children": {
                                "SubprocessEnvManager._take_step": {
                                    "total": 6851.663809768506,
                                    "count": 3612892,
                                    "self": 102.03707811748609,
                                    "children": {
                                        "TorchPolicy.evaluate": {
                                            "total": 6749.62673165102,
                                            "count": 2615127,
                                            "self": 6749.62673165102
                                        }
                                    }
                                },
                                "workers": {
                                    "total": 20.68356989347376,
                                    "count": 3612892,
                                    "self": 0.0,
                                    "children": {
                                        "worker_root": {
                                            "total": 33702.92491083138,
                                            "count": 3612892,
                                            "is_parallel": true,
                                            "self": 21555.414354674984,
                                            "children": {
                                                "steps_from_proto": {
                                                    "total": 0.0003591999411582947,
                                                    "count": 1,
                                                    "is_parallel": true,