{
    "name": "root",
    "gauges": {
        "Turtle.Policy.Entropy.mean": {
            "value": 0.2233344465494156,
            "min": 0.20031403005123138,
            "max": 0.23525632917881012,
            "count": 39
        },
        "Turtle.Policy.Entropy.sum": {
            "value": 11155.5556640625,
            "min": 6874.77734375,
            "max": 11765.1689453125,
            "count": 39
        },
        "Turtle.Environment.EpisodeLength.mean": {
            "value": 62.504413619167714,
            "min": 50.46296296296296,
            "max": 64.46143790849673,
            "count": 39
        },
        "Turtle.Environment.EpisodeLength.sum": {
            "value": 49566.0,
            "min": 32700.0,
            "max": 49566.0,
            "count": 39
        },
        "Turtle.Step.mean": {
            "value": 21499996.0,
            "min": 19599971.0,
            "max": 21499996.0,
            "count": 39
        },
        "Turtle.Step.sum": {
            "value": 21499996.0,
            "min": 19599971.0,
            "max": 21499996.0,
            "count": 39
        },
        "Turtle.Policy.ExtrinsicValueEstimate.mean": {
            "value": 0.7107383012771606,
            "min": 0.6185609102249146,
            "max": 0.7137391567230225,
            "count": 39
        },
        "Turtle.Policy.ExtrinsicValueEstimate.sum": {
            "value": 827.2993774414062,
            "min": 514.1777954101562,
            "max": 831.5667724609375,
            "count": 39
        },
        "Turtle.Environment.CumulativeReward.mean": {
            "value": 0.8081997429287299,
            "min": 0.4887956662080538,
            "max": 0.8223404100676275,
            "count": 39
        },
        "Turtle.Environment.CumulativeReward.sum": {
            "value": 640.9023961424828,
            "min": 316.73959170281887,
            "max": 640.9023961424828,
            "count": 39
        },
        "Turtle.Policy.ExtrinsicReward.mean": {
            "value": 0.8081997429287299,
            "min": 0.4887956662080538,
            "max": 0.8223404100676275,
            "count": 39
        },
        "Turtle.Policy.ExtrinsicReward.sum": {
            "value": 640.9023961424828,
            "min": 316.73959170281887,
            "max": 640.9023961424828,
            "count": 39
        },
        "Turtle.Losses.PolicyLoss.mean": {
            "value": 0.022910629867886504,
            "min": 0.02121584807833036,
            "max": 0.025720754025193554,
            "count": 39
        },
        "Turtle.Losses.PolicyLoss.sum": {
            "value": 0.11455314933943252,
            "min": 0.07184403718759616,
            "max": 0.12860377012596777,
            "count": 39
        },
        "Turtle.Losses.ValueLoss.mean": {
            "value": 0.007846874015328164,
            "min": 0.004075325631226102,
            "max": 0.04326161477300856,
            "count": 39
        },
        "Turtle.Losses.ValueLoss.sum": {
            "value": 0.03923437007664082,
            "min": 0.020376628156130512,
            "max": 0.13626443405325214,
            "count": 39
        },
        "Turtle.Policy.LearningRate.mean": {
            "value": 0.0001711386717537904,
            "min": 0.0001711386717537904,
            "max": 0.00018247720917427673,
            "count": 39
        },
        "Turtle.Policy.LearningRate.sum": {
            "value": 0.0008556933587689521,
            "min": 0.0005474316275228302,
            "max": 0.000911155018281726,
            "count": 39
        },
        "Turtle.Policy.Epsilon.mean": {
            "value": 0.15704620960000004,
            "min": 0.15704620960000004,
            "max": 0.16082572333333334,
            "count": 39
        },
        "Turtle.Policy.Epsilon.sum": {
            "value": 0.7852310480000002,
            "min": 0.48247717,
            "max": 0.8037182740000002,
            "count": 39
        },
        "Turtle.Policy.Beta.mean": {
            "value": 0.0028566058590399996,
            "min": 0.0028566058590399996,
            "max": 0.0030452035943333336,
            "count": 39
        },
        "Turtle.Policy.Beta.sum": {
            "value": 0.014283029295199999,
            "min": 0.009135610783,
            "max": 0.015205541872600002,
            "count": 39
        },
        "Turtle.IsTraining.mean": {
            "value": 1.0,
            "min": 1.0,
            "max": 1.0,
            "count": 39
        },
        "Turtle.IsTraining.sum": {
            "value": 1.0,
            "min": 1.0,
            "max": 1.0,
            "count": 39
        }
    },
    "metadata": {
        "timer_format_version": "0.1.0",
        "start_time_seconds": "1743473611",
        "python_version": "3.10.12 | packaged by Anaconda, Inc. | (main, Jul  5 2023, 19:01:18) [MSC v.1916 64 bit (AMD64)]",
        "command_line_arguments": "C:\\Users\\moose\\miniconda3\\envs\\mlagents\\Scripts\\mlagents-learn config/turtle.yaml --run-id=Iteration3Test --resume",
        "mlagents_version": "1.1.0",
        "mlagents_envs_version": "1.1.0",
        "communication_protocol_version": "1.5.0",
        "pytorch_version": "2.2.2+cu121",
        "numpy_version": "1.23.5",
        "end_time_seconds": "1743474562"
    },
    "total": 951.8346414999105,
    "count": 1,
    "self": 0.0032005998073145747,
    "children": {
        "run_training.setup": {
            "total": 0.06266030005645007,
            "count": 1,
            "self": 0.06266030005645007
        },
        "TrainerController.start_learning": {
            "total": 951.7687806000467,
            "count": 1,
            "self": 0.8016282983589917,
            "children": {
                "TrainerController._reset_env": {
                    "total": 9.569956399966031,
                    "count": 1,
                    "self": 9.569956399966031
                },
                "TrainerController.advance": {
                    "total": 941.3630956016714,
                    "count": 90471,
                    "self": 0.7452647959580645,
                    "children": {
                        "env_step": {
                            "total": 639.1680810047546,
                            "count": 90471,
                            "self": 488.6499537114287,
                            "children": {
                                "SubprocessEnvManager._take_step": {
                                    "total": 150.0107993033016,
                                    "count": 90473,
                                    "self": 2.6797452182509005,
                                    "children": {
                                        "TorchPolicy.evaluate": {
                                            "total": 147.3310540850507,
                                            "count": 66088,
                                            "self": 147.3310540850507
                                        }
                                    }
                                },
                                "workers": {
                                    "total": 0.5073279900243506,
                                    "count": 90470,
                                    "self": 0.0,
                                    "children": {
                                        "worker_root": {
                                            "total": 807.2861876895186,
                                            "count": 90470,
                                            "is_parallel": true,
                                            "self": 515.7626249731984,
                                            "children": {
                                                "steps_from_proto": {
                                                    "total": 0.0010807000799104571,
                                                    "count": 3,
                                                    "is_parallel": true,