{
    "name": "root",
    "gauges": {
        "Turtle.Policy.Entropy.mean": {
            "value": 0.21715176105499268,
            "min": 0.20278316736221313,
            "max": 0.4047556519508362,
            "count": 284
        },
        "Turtle.Policy.Entropy.sum": {
            "value": 10827.1865234375,
            "min": 4175.7587890625,
            "max": 20229.6875,
            "count": 284
        },
        "Turtle.Environment.EpisodeLength.mean": {
            "value": 59.213685474189674,
            "min": 56.64658169177289,
            "max": 119.35731414868106,
            "count": 284
        },
        "Turtle.Environment.EpisodeLength.sum": {
            "value": 49325.0,
            "min": 9468.0,
            "max": 52069.0,
            "count": 284
        },
        "Turtle.Step.mean": {
            "value": 19549937.0,
            "min": 5399952.0,
            "max": 19549937.0,
            "count": 284
        },
        "Turtle.Step.sum": {
            "value": 19549937.0,
            "min": 5399952.0,
            "max": 19549937.0,
            "count": 284
        },
        "Turtle.Policy.ExtrinsicValueEstimate.mean": {
            "value": 0.7152060270309448,
            "min": 0.38089150190353394,
            "max": 0.7337190508842468,
            "count": 284
        },
        "Turtle.Policy.ExtrinsicValueEstimate.sum": {
            "value": 821.0565185546875,
            "min": 113.68629455566406,
            "max": 855.4805908203125,
            "count": 284
        },
        "Turtle.Environment.CumulativeReward.mean": {
            "value": 0.7966215924090412,
            "min": 0.4864314663810311,
            "max": 0.8124228279976856,
            "count": 284
        },
        "Turtle.Environment.CumulativeReward.sum": {
            "value": 663.5857864767313,
            "min": 70.32039754092693,
            "max": 711.4531842023134,
            "count": 284
        },
        "Turtle.Policy.ExtrinsicReward.mean": {
            "value": 0.7966215924090412,
            "min": 0.4864314663810311,
            "max": 0.8124228279976856,
            "count": 284
        },
        "Turtle.Policy.ExtrinsicReward.sum": {
            "value": 663.5857864767313,
            "min": 70.32039754092693,
            "max": 711.4531842023134,
            "count": 284
        },
        "Turtle.Losses.PolicyLoss.mean": {
            "value": 0.022615689382267497,
            "min": 0.019253888269886374,
            "max": 0.028987491571654877,
            "count": 284
        },
        "Turtle.Losses.PolicyLoss.sum": {
            "value": 0.11307844691133748,
            "min": 0.019750102314477165,
            "max": 0.1449374578582744,
            "count": 284
        },
        "Turtle.Losses.ValueLoss.mean": {
            "value": 0.00046594978911646955,
            "min": 0.0004538804238351683,
            "max": 0.005650614344825347,
            "count": 284
        },
        "Turtle.Losses.ValueLoss.sum": {
            "value": 0.0023297489455823476,
            "min": 0.0022694021191758413,
            "max": 0.028253071724126735,
            "count": 284
        },
        "Turtle.Policy.LearningRate.mean": {
            "value": 0.0001828474758508544,
            "min": 0.0001828474758508544,
            "max": 0.0002676070247976619,
            "count": 284
        },
        "Turtle.Policy.LearningRate.sum": {
            "value": 0.000914237379254272,
            "min": 0.0002676070247976619,
            "max": 0.0013358770327076739,
            "count": 284
        },
        "Turtle.Policy.Epsilon.mean": {
            "value": 0.16094914559999998,
            "min": 0.16094914559999998,
            "max": 0.18920233800000005,
            "count": 284
        },
        "Turtle.Policy.Epsilon.sum": {
            "value": 0.8047457279999999,
            "min": 0.18920233800000005,
            "max": 0.945292326,
            "count": 284
        },
        "Turtle.Policy.Beta.mean": {
            "value": 0.0030513623654400013,
            "min": 0.0030513623654400013,
            "max": 0.0044611966662,
            "count": 284
        },
        "Turtle.Policy.Beta.sum": {
            "value": 0.015256811827200007,
            "min": 0.0044611966662,
            "max": 0.0222700870674,
            "count": 284
        },
        "Turtle.IsTraining.mean": {
            "value": 1.0,
            "min": 1.0,
            "max": 1.0,
            "count": 284
        },
        "Turtle.IsTraining.sum": {
            "value": 1.0,
            "min": 1.0,
            "max": 1.0,
            "count": 284
        }
    },
    "metadata": {
        "timer_format_version": "0.1.0",
        "start_time_seconds": "1743467554",
        "python_version": "3.10.12 | packaged by Anaconda, Inc. | (main, Jul  5 2023, 19:01:18) [MSC v.1916 64 bit (AMD64)]",
        "command_line_arguments": "C:\\Users\\moose\\miniconda3\\envs\\mlagents\\Scripts\\mlagents-learn config/turtle.yaml --run-id=Iteration3Test --resume",
        "mlagents_version": "1.1.0",
        "mlagents_envs_version": "1.1.0",
        "communication_protocol_version": "1.5.0",
        "pytorch_version": "2.2.2+cu121",
        "numpy_version": "1.23.5",
        "end_time_seconds": "1743473494"
    },
    "total": 5940.8930302999215,
    "count": 1,
    "self": 0.0032483998220413923,
    "children": {
        "run_training.setup": {
            "total": 0.06293290003668517,
            "count": 1,
            "self": 0.06293290003668517
        },
        "TrainerController.start_learning": {
            "total": 5940.826849000063,
            "count": 1,
            "self": 5.491339069674723,
            "children": {
                "TrainerController._reset_env": {
                    "total": 12.240997100016102,
                    "count": 1,
                    "self": 12.240997100016102
                },
                "TrainerController.advance": {
                    "total": 5923.064883530373,
                    "count": 633679,
                    "self": 5.13216697901953,
                    "children": {
                        "env_step": {
                            "total": 3811.609854349401,
                            "count": 633679,
                            "self": 2752.7687922235345,
                            "children": {
                                "SubprocessEnvManager._take_step": {
                                    "total": 1055.1289225802757,
                                    "count": 633679,
                                    "self": 18.424815468490124,
                                    "children": {
                                        "TorchPolicy.evaluate": {
                                            "total": 1036.7041071117856,
                                            "count": 472627,
                                            "self": 1036.7041071117856
                                        }
                                    }
                                },
                                "workers": {
                                    "total": 3.7121395455906168,
                                    "count": 633678,
                                    "self": 0.0,
                                    "children": {
                                        "worker_root": {
                                            "total": 5859.105359311681,
                                            "count": 633678,
                                            "is_parallel": true,
                                            "self": 3616.9983699590666,
                                            "children": {
                                                "steps_from_proto": {
                                                    "total": 0.00034740008413791656,
                                                    "count": 1,
                                                    "is_parallel": true,