{
    "name": "root",
    "gauges": {
        "Turtle.Policy.Entropy.mean": {
            "value": 1.3215078115463257,
            "min": 1.3151429891586304,
            "max": 1.3705430030822754,
            "count": 10
        },
        "Turtle.Policy.Entropy.sum": {
            "value": 66064.8203125,
            "min": 65696.484375,
            "max": 68943.796875,
            "count": 10
        },
        "Turtle.Environment.EpisodeLength.mean": {
            "value": 513.8404255319149,
            "min": 513.8404255319149,
            "max": 943.8867924528302,
            "count": 10
        },
        "Turtle.Environment.EpisodeLength.sum": {
            "value": 48301.0,
            "min": 45660.0,
            "max": 51999.0,
            "count": 10
        },
        "Turtle.Step.mean": {
            "value": 499967.0,
            "min": 49948.0,
            "max": 499967.0,
            "count": 10
        },
        "Turtle.Step.sum": {
            "value": 499967.0,
            "min": 49948.0,
            "max": 499967.0,
            "count": 10
        },
        "Turtle.Policy.ExtrinsicValueEstimate.mean": {
            "value": -0.10168386995792389,
            "min": -0.14122973382472992,
            "max": 0.05907765403389931,
            "count": 10
        },
        "Turtle.Policy.ExtrinsicValueEstimate.sum": {
            "value": -83.88919067382812,
            "min": -114.25485229492188,
            "max": 47.67566680908203,
            "count": 10
        },
        "Turtle.Environment.CumulativeReward.mean": {
            "value": -0.382526348452819,
            "min": -2.6856525578307657,
            "max": -0.382526348452819,
            "count": 10
        },
        "Turtle.Environment.CumulativeReward.sum": {
            "value": -36.34000310301781,
            "min": -142.33958556503057,
            "max": -36.34000310301781,
            "count": 10
        },
        "Turtle.Policy.ExtrinsicReward.mean": {
            "value": -0.382526348452819,
            "min": -2.6856525578307657,
            "max": -0.382526348452819,
            "count": 10
        },
        "Turtle.Policy.ExtrinsicReward.sum": {
            "value": -36.34000310301781,
            "min": -142.33958556503057,
            "max": -36.34000310301781,
            "count": 10
        },
        "Turtle.Losses.PolicyLoss.mean": {
            "value": 0.02397587291741123,
            "min": 0.02082147077502062,
            "max": 0.024825963859135904,
            "count": 10
        },
        "Turtle.Losses.PolicyLoss.sum": {
            "value": 0.11987936458705614,
            "min": 0.08328588310008248,
            "max": 0.12412981929567952,
            "count": 10
        },
        "Turtle.Losses.ValueLoss.mean": {
            "value": 0.00960808681945006,
            "min": 0.000879957354918588,
            "max": 0.00960808681945006,
            "count": 10
        },
        "Turtle.Losses.ValueLoss.sum": {
            "value": 0.0480404340972503,
            "min": 0.00439978677459294,
            "max": 0.0480404340972503,
            "count": 10
        },
        "Turtle.Policy.LearningRate.mean": {
            "value": 1.623225458928e-05,
            "min": 1.623225458928e-05,
            "max": 0.00028429275523575,
            "count": 10
        },
        "Turtle.Policy.LearningRate.sum": {
            "value": 8.11612729464e-05,
            "min": 8.11612729464e-05,
            "max": 0.0012825366724878002,
            "count": 10
        },
        "Turtle.Policy.Epsilon.mean": {
            "value": 0.10541072,
            "min": 0.10541072,
            "max": 0.19476425000000003,
            "count": 10
        },
        "Turtle.Policy.Epsilon.sum": {
            "value": 0.5270536,
            "min": 0.4996762,
            "max": 0.9275122,
            "count": 10
        },
        "Turtle.Policy.Beta.mean": {
            "value": 0.000279994928,
            "min": 0.000279994928,
            "max": 0.0047387360750000005,
            "count": 10
        },
        "Turtle.Policy.Beta.sum": {
            "value": 0.00139997464,
            "min": 0.00139997464,
            "max": 0.02138285878,
            "count": 10
        },
        "Turtle.IsTraining.mean": {
            "value": 1.0,
            "min": 1.0,
            "max": 1.0,
            "count": 10
        },
        "Turtle.IsTraining.sum": {
            "value": 1.0,
            "min": 1.0,
            "max": 1.0,
            "count": 10
        }
    },
    "metadata": {
        "timer_format_version": "0.1.0",
        "start_time_seconds": "1742943312",
        "python_version": "3.10.12 | packaged by Anaconda, Inc. | (main, Jul  5 2023, 19:01:18) [MSC v.1916 64 bit (AMD64)]",
        "command_line_arguments": "C:\\Users\\moose\\miniconda3\\envs\\mlagents\\Scripts\\mlagents-learn --run-id=turtle2",
        "mlagents_version": "1.1.0",
        "mlagents_envs_version": "1.1.0",
        "communication_protocol_version": "1.5.0",
        "pytorch_version": "2.2.2+cu121",
        "numpy_version": "1.23.5",
        "end_time_seconds": "1742943655"
    },
    "total": 342.7793187000061,
    "count": 1,
    "self": 0.004638600003090687,
    "children": {
        "run_training.setup": {
            "total": 0.018766399996820837,
            "count": 1,
            "self": 0.018766399996820837
        },
        "TrainerController.start_learning": {
            "total": 342.7559137000062,
            "count": 1,
            "self": 0.37265930078865495,
            "children": {
                "TrainerController._reset_env": {
                    "total": 12.250425999998697,
                    "count": 1,
                    "self": 12.250425999998697
                },
                "TrainerController.advance": {
                    "total": 330.1041168992233,
                    "count": 42247,
                    "self": 0.36905059682612773,
                    "children": {
                        "env_step": {
                            "total": 260.7017184019642,
                            "count": 42247,
                            "self": 167.6359578025731,
                            "children": {
                                "SubprocessEnvManager._take_step": {
                                    "total": 92.81060849955247,
                                    "count": 42247,
                                    "self": 1.3548349993070588,
                                    "children": {
                                        "TorchPolicy.evaluate": {
                                            "total": 91.45577350024541,
                                            "count": 41700,
                                            "self": 91.45577350024541
                                        }
                                    }
                                },
                                "workers": {
                                    "total": 0.25515209983859677,
                                    "count": 42247,
                                    "self": 0.0,
                                    "children": {
                                        "worker_root": {
                                            "total": 330.5759972006781,
                                            "count": 42247,
                                            "is_parallel": true,
                                            "self": 188.85048260162876,
                                            "children": {
                                                "steps_from_proto": {
                                                    "total": 0.00030989998776931316,
                                                    "count": 1,
                                                    "is_parallel": true,
                                                    "self": 0.0001424999936716631,